Workbook

Sheet Product Backlog
A1: Product Backlog — OptaBem (recomendador de cursos e plano de candidatura)
A2: Ordenado pela ordem de trabalho (sprint e prioridade). Células a amarelo são para a equipa atualizar (Sprint, Estado, Responsável, SP, Notas). Reestruturado a 27/10/2026, com autorização do docente: o backlog passa a ser só o de um recomendador de cursos; as stories das opcionais estão na folha «Arquivo (opcionais)». Os IDs não mudam nem são reutilizados. Estado «Protótipo» = código feito antes do sprint, ainda não aceite numa Sprint Review. Épicos: E1 Conta e privacidade · E2 Catálogo de cursos · E3 Orientação com o assistente · E4 Plano de candidatura. O histórico de replaneamentos está na folha «Plano de sprints».
A4: # | B4: ID | C4: Épico | D4: Título | E4: User story | F4: Critérios de aceitação | G4: SP | H4: MoSCoW | I4: Sprint | J4: Estado | K4: Responsável | L4: Notas | M4: ID anterior
A5: 1 | B5: US01 | C5: E1 | D5: Registo com email pessoal | E5: Como aluno, quero registar-me com o meu email pessoal. | F5: • São aceites emails pessoais • A conta só fica ativa após confirmação por email (ou validação simulada em ambiente de teste). • A palavra-passe é guardada com hash. • O registo exige aceitação explícita da política de privacidade. | G5: 3 | H5: Must | I5: Sprint 1 | J5: Feito | L5: Feita no Sprint 1 (PR #1 a #3). Desde 23/10 o registo pede também o nome (PR #43). docs/US01/. | M5: US01
A6: 2 | B6: US02 | C6: E1 | D6: Autenticação | E6: Como aluno, quero iniciar e terminar sessão, para aceder ao meu percurso de forma segura. | F6: • Login com email e palavra-passe. • Mensagem genérica em caso de erro. • O logout termina a sessão. • Páginas privadas redirecionam para o login. | G6: 2 | H6: Must | I6: Sprint 1 | J6: Feito | L6: Feita no Sprint 1 (PR #4 e #5). Terminar sessão volta à página inicial (PR #43). docs/US02/. | M6: US02
A7: 3 | B7: US03 | C7: E1 | D7: Perfis de aluno e administrador | E7: Como administrador, quero ter uma conta própria, separada das contas dos alunos e numa área escondida, para gerir a aplicação sem que os alunos vejam ou consigam usar essas funções. | F7: • Os administradores têm contas próprias (nome de utilizador, sem email), separadas dos alunos. • O primeiro administrador é criado no terminal (flask --app app create-admin). • A gestão tem início de sessão próprio, com mensagem genérica. • A área de gestão está escondida: sem ligações nas páginas dos alunos e com endereço configurável. • Um administrador cria e remove outros administradores (não a si próprio). | G7: 5 | H7: Must | I7: Sprint 1 | J7: Feito | L7: Feita no Sprint 1 (PR #7). Um só início de sessão desde 14/10, com Strategy, Chain of Responsibility e Factory (PR #14). A gestão ativa contas por confirmar (PR #43). docs/US03/. | M7: —
A8: 4 | B8: US29 | C8: E3 | D8: Conversa de orientação com o LLM | E8: Como pessoa indecisa, quero conversar com um assistente que me vai fazendo perguntas sobre os meus interesses, para perceber o que procuro num curso sem preencher um questionário fixo. | F8: • As perguntas não são fixas: o LLM faz uma de cada vez, a partir das respostas anteriores, no máximo 6. • A página avisa para não escrever dados pessoais; emails e números longos são apagados antes de enviar, e o LLM nunca recebe email, nome ou identificadores da conta (RNF12). • Disponível com sessão iniciada (o limite diário do fornecedor é partilhado por todos os utilizadores). • Se o LLM falhar, atingir o limite ou demorar mais de 15 s, aparece uma mensagem clara e a pessoa pode tentar de novo sem perder a conversa. • A pessoa pode recomeçar a conversa. • Os testes usam o LLM falso e correm sem rede. | G8: 5 | H8: Must | I8: Sprint 2 | J8: Feito | L8: Feita no Sprint 2 (PR #19 e #24). Absorveu a US32 a 14/10 (issue #15). Gemini, com Groq de reserva (spike, PR #17). docs/US29/. | M8: —
A9: 5 | B9: US30 | C9: E3 | D9: Sugestão de 2 a 3 cursos no fim da conversa | E9: Como pessoa indecisa, quero que a conversa termine com 2 a 3 cursos do catálogo, cada um com a explicação de porque combina comigo, para saber por onde começar. | F9: • A sugestão aparece quando o LLM tem informação suficiente ou ao fim de 6 respostas; a pessoa pode pedi-la antes («Ver sugestões»). • Só aparecem cursos do catálogo; os outros são descartados (RN09). Se sobrarem menos de 2, a página diz isso e propõe continuar a conversa ou ver o catálogo. • Cada curso mostra os dados do catálogo (instituição, localidade, vagas, nota do último colocado, ligação à DGES) e a explicação do LLM. • Nenhum curso é atribuído automaticamente: a escolha é feita na US31 (RN10). • Os testes usam o LLM falso, incluindo respostas com cursos inventados. | G9: 3 | H9: Must | I9: Sprint 2 | J9: Feito | L9: Feita no Sprint 2 (PR #22 e #23). docs/US30/. | M9: —
A10: 6 | B10: US31 | C10: E3 | D10: Escolher curso e linha do tempo do percurso | E10: Como utilizador, quero escolher um dos cursos sugeridos (ou outro do catálogo) e ver as decisões que fui tomando, para acompanhar o meu percurso. | F10: • A escolha nunca é automática: o utilizador confirma (RN10). • Depois de escolher, o curso e a instituição ficam no perfil (RF03). • Cada decisão fica registada com data, opções sugeridas e opção escolhida (RF35). • Linha do tempo com as decisões, da mais recente para a mais antiga. • O utilizador pode mudar de curso, o que cria uma nova decisão. | G10: 5 | H10: Must | I10: Sprint 2 | J10: Feito | L10: Feita no Sprint 2 (issue #27). Depois da escolha, a conversa com o LLM é apagada. Fora do menu desde 23/10 (continua no início e em «A minha conta»). docs/US31/. | M10: —
A11: 7 | B11: US05 | C11: E2 | D11: Consultar e comparar cursos | E11: Como pessoa indecisa, quero consultar e comparar cursos de várias instituições, para perceber as diferenças antes de decidir. | F11: • Filtros por área, instituição e localidade. • Ficha de cada curso com descrição, saídas profissionais, vagas, nota do último colocado e ligação à fonte. • Comparação de até 3 cursos lado a lado. • Funciona sem sessão iniciada. | G11: 5 | H11: Must | I11: Sprint 3 | J11: Feito | L11: Feita no Sprint 3 (PR #37, #38 e #42). docs/US05/. | M11: US04
A12: 8 | B12: US17 | C12: E1 | D12: Apagar a minha conta | E12: Como aluno, quero apagar a minha conta e todos os meus dados, para exercer o meu direito ao apagamento. | F12: • Apagar remove a conta, a conversa de orientação, as decisões do percurso e os pedidos ao LLM. • A ação pede confirmação (palavra-passe). • A sessão termina e a página confirma que os dados foram apagados. | G12: 2 | H12: Must | I12: Sprint 3 | J12: Feito | L12: Feita no Sprint 3 (PR #39). Âmbito reduzido a 22/10: a exportação passou a ser a US46. docs/US17/. | M12: US10
A13: 9 | B13: US04 | C13: E2 | D13: Catálogo de licenciaturas recolhido da DGES | E13: Como pessoa indecisa, quero procurar num catálogo de licenciaturas recolhido da DGES, e não só numa amostra escrita à mão, para ver cursos de muitas instituições com dados oficiais. | F13: • Os cursos vêm das páginas públicas da DGES, por um script que corre no computador da equipa (dados/recolher_dges.py), devagar e retomável. • O catálogo tem os cursos já recolhidos (174 no protótipo), com vagas, nota do último colocado e condições de acesso. • As descrições escritas pela equipa (catálogo do MVP) mantêm-se. • Lista de cursos com paginação (24 por página). • Acima de 150 cursos, o assistente (LLM) recebe só os cursos das áreas escolhidas. | G13: 5 | H13: Must | I13: Sprint 4 | J13: Protótipo | L13: Protótipo no PR #44 (ramo feature/US04-catalogo-completo): 174 cursos com condições de acesso. 27/10 (decisão do PO): a recolha de todas as licenciaturas passa para a US48, porque exige o computador ligado uma noite inteira. Documentação em docs/US04/ (27/10). | M13: US03
A14: 10 | B14: US33 | C14: E4 | D14: Condições de acesso na ficha do curso | E14: Como pessoa a escolher curso, quero ver na ficha de cada curso as provas de ingresso, a fórmula de cálculo, as classificações mínimas e os pré-requisitos, para saber o que é preciso para entrar. | F14: • Dados lidos das páginas da DGES (a mesma recolha da US04). • Conjuntos alternativos de provas mostrados pelo nome («Basta um destes conjuntos»). • Fórmula (peso da média e das provas) e mínimos em pontos. • Um curso sem estes dados mostra a ligação à DGES. • Funciona sem sessão iniciada. | G14: 3 | H14: Must | I14: Sprint 4 | J14: Protótipo | L14: Protótipo no PR #44, feito antes do sprint (23/10). Documentação em docs/US33/ (27/10). | M14: nova
A15: 11 | B15: US34 | C15: E4 | D15: Registar as minhas notas | E15: Como candidato, quero indicar a minha média do secundário e as notas dos exames nacionais que fiz, para o OptaBem fazer as contas por mim. | F15: • Média de 9,5 a 20 valores; exames de 0 a 200 pontos (ou de 0 a 20, convertidos). • Só se preenchem os exames feitos. • As notas podem ser mudadas e saem com a conta (US17). • Matemática e Matemática A contam com o mesmo exame (a confirmar pela equipa na DGES). | G15: 2 | H15: Must | I15: Sprint 4 | J15: Protótipo | L15: Protótipo no PR #44, feito antes do sprint (23/10). Documentação em docs/US34/ (27/10). A equipa confirma na DGES se Matemática e Matemática A contam como o mesmo exame. | M15: nova
A16: 12 | B16: US35 | C16: E4 | D16: Nota de candidatura a cada curso | E16: Como candidato, quero ver a minha nota de candidatura a cada curso e a diferença para o último colocado, para perceber onde tenho hipóteses. | F16: • Nota = média do secundário × peso + provas × peso, com o conjunto de provas mais favorável. • Situação: acima (5 ou mais pontos), perto (menos de 5 de diferença) ou abaixo do último colocado; falta de prova e nota abaixo do mínimo assinaladas. • Aparece na ficha de cada curso, com sessão iniciada. • Aviso visível: estimativa para o contingente geral da 1.ª fase, não uma garantia. | G16: 3 | H16: Must | I16: Sprint 4 | J16: Protótipo | L16: Protótipo no PR #44, feito antes do sprint (23/10). Documentação em docs/US35/ (27/10). Contas em app/candidatura/calculos.py. | M16: nova
... A29: 25 | B29: US38 | C29: E4 | D29: Datas do concurso no percurso | E29: Como candidato, quero ver as datas das fases do concurso nacional, para não falhar prazos. | F29: • Datas das 3 fases do concurso, com a ligação para a DGES. • O passo atual do percurso mostra o próximo prazo. | G29: 2 | H29: Could | I29: Backlog | J29: Por fazer | L29: Story de 23/10, ainda sem código. | M29: nova
F30: Total de story points | G30: =SUM(G5:G29) -> 79
F31: Story points concluídos (Estado = Feito) | G31: =SUMIF(J5:J29,"Feito",G5:G29) -> 30
F32: Nota (27/10): as 22 stories das opcionais e a US32 (fundida na US29) estão na folha «Arquivo (opcionais)», com o motivo de cada uma. As US40 a US45 têm código no PR #44 mas ficam fora do Sprint 4, para o plano não passar ainda mais a velocidade.

Sheet Plano de sprints
A1: Plano de sprints — OptaBem
A2: Calculado a partir da folha «Product Backlog»: mudar o Sprint ou o Estado de uma story lá atualiza esta tabela.
A3: Velocidade por sprint (SP) — real do Sprint 1 | C3: 10
A5: Sprint | B5: Sprint Goal | C5: Stories | D5: SP planeados | E5: SP feitos | F5: % feito | G5: Folga face à velocidade | H5: Nº stories
A6: Sprint 1 | B6: Um aluno cria conta, entra e sai, e há um administrador com permissões próprias. | C6: US01, US02, US03 | D6: =SUMIF('Product Backlog'!$I$5:$I$29,$A6,'Product Backlog'!$G$5:$G$29) -> 10 | E6: =SUMIFS('Product Backlog'!$G$5:$G$29,'Product Backlog'!$I$5:$I$29,$A6,'Product Backlog'!$J$5:$J$29,"Feito") -> 10 | F6: =IF(D6=0,0,E6/D6) -> 1 | G6: =$C$3-D6 -> 0 | H6: =COUNTIF('Product Backlog'!$I$5:$I$29,$A6) -> 3
A7: Sprint 2 | B7: Uma pessoa indecisa conversa com o assistente (LLM), recebe 2 a 3 cursos do catálogo com explicação e escolhe um, ficando a decisão registada no percurso. | C7: US29, US30, US31 | D7: =SUMIF('Product Backlog'!$I$5:$I$29,$A7,'Product Backlog'!$G$5:$G$29) -> 13 | E7: =SUMIFS('Product Backlog'!$G$5:$G$29,'Product Backlog'!$I$5:$I$29,$A7,'Product Backlog'!$J$5:$J$29,"Feito") -> 13 | F7: =IF(D7=0,0,E7/D7) -> 1 | G7: =$C$3-D7 -> -3 | H7: =COUNTIF('Product Backlog'!$I$5:$I$29,$A7) -> 3
A8: Sprint 3 | B8: Uma pessoa indecisa filtra, consulta e compara cursos de várias instituições, e pode apagar a sua conta e todos os seus dados (22/10 a 29/10; concluído a 23/10). | C8: US05, US17 | D8: =SUMIF('Product Backlog'!$I$5:$I$29,$A8,'Product Backlog'!$G$5:$G$29) -> 7 | E8: =SUMIFS('Product Backlog'!$G$5:$G$29,'Product Backlog'!$I$5:$I$29,$A8,'Product Backlog'!$J$5:$J$29,"Feito") -> 7 | F8: =IF(D8=0,0,E8/D8) -> 1 | G8: =$C$3-D8 -> 3 | H8: =COUNTIF('Product Backlog'!$I$5:$I$29,$A8) -> 2
A9: Sprint 4 | B9: Quem escolheu um curso prepara a candidatura: vê as condições de acesso de cada curso, indica as suas notas, vê a sua nota de candidatura em cada curso e ordena as 6 opções; o catálogo passa a ter as licenciaturas da DGES (29/10 a 05/11; a confirmar com o docente). | C9: US04, US33–US36 | D9: =SUMIF('Product Backlog'!$I$5:$I$29,$A9,'Product Backlog'!$G$5:$G$29) -> 18 | E9: =SUMIFS('Product Backlog'!$G$5:$G$29,'Product Backlog'!$I$5:$I$29,$A9,'Product Backlog'!$J$5:$J$29,"Feito") -> 0 | F9: =IF(D9=0,0,E9/D9) -> 0 | G9: =$C$3-D9 -> -8 | H9: =COUNTIF('Product Backlog'!$I$5:$I$29,$A9) -> 5
A10: Backlog | B10: Fora desta release, por ordem de prioridade. As US40 a US45 têm código pronto no PR #44 (protótipo). As opcionais estão na folha «Arquivo (opcionais)». | C10: US40–US42, US44, US37, US46, US47, US48, US39, US43, US45, US38 | D10: =SUMIF('Product Backlog'!$I$5:$I$29,$A10,'Product Backlog'!$G$5:$G$29) -> 31 | E10: =SUMIFS('Product Backlog'!$G$5:$G$29,'Product Backlog'!$I$5:$I$29,$A10,'Product Backlog'!$J$5:$J$29,"Feito") -> 0 | F10: =IF(D10=0,0,E10/D10) -> 0 | G10: — | H10: =COUNTIF('Product Backlog'!$I$5:$I$29,$A10) -> 12
A11: Total | D11: =SUM(D6:D10) -> 79 | E11: =SUM(E6:E10) -> 30 | F11: =IF(D11=0,0,E11/D11) -> 0.37974684 | H11: =SUM(H6:H10) -> 25
A29: Replaneamento de 07/10/2026 (decisão do Product Owner)
A30: • O Sprint 1 tinha 24 SP planeados e a equipa concluiu 5 (registo e autenticação): o plano foi ajustado à velocidade real.
A31: • Story nova: US03 — Perfis de aluno e administrador (RF04, que não tinha story). Entra no Sprint 1 porque a importação do catálogo (US04) precisa de um administrador.
A32: • As stories do catálogo, percurso e avaliações (US04 a US08) passam do Sprint 1 para o Sprint 2, com a pseudonimização (US09) para as avaliações serem anónimas desde o início.
A33: • A explicação da recomendação passa para o Sprint 3; avaliação offline, períodos de avaliação, comentários e filtros para o Sprint 4.
A34: • Preferência de carga e comparação de estratégias passam para o Backlog; o SVD (antiga US22) fica fora do plano.
A35: • Escala das avaliações corrigida de 1–20 para 1–5 (igual ao resto do projeto).
A36: • As stories foram renumeradas pela nova ordem (US01 a US28). A coluna «ID anterior» da folha «Product Backlog» mostra o número antigo.
A38: Replaneamento de 13/10/2026 (decisão dos Product Owners, com sugestões do docente)
A39: • Nova visão do produto: o utilizador pode ainda não ter curso; o OptaBem orienta a escolha do curso e depois a das opcionais (docs/geral/00-visao-do-produto.md).
A40: • Catálogo com várias instituições: MVP com 12 instituições e 30 licenciaturas (dados/catalogo-cursos-mvp.csv, fonte DGES).
A41: • Stories novas: US29 (questionário), US30 (sugestão de cursos com LLM) e US31 (escolher curso e linha do tempo). Épico novo E11.
... A104: • Atenção: mesmo assim, o Sprint 4 tem 18 SP para uma velocidade de 10. Só é defensável porque o código foi feito antes, como protótipo. A confirmar com o docente no Sprint Planning de 29/10.

Sheet Resumo MoSCoW
A1: Resumo por prioridade (MoSCoW)
A4: Prioridade | B4: Significado | C4: Nº stories | D4: SP total | E4: % do total de SP
A5: Must | B5: Obrigatório para o produto fazer sentido | C5: =COUNTIF('Product Backlog'!$H$5:$H$29,A5) -> 12 | D5: =SUMIF('Product Backlog'!$H$5:$H$29,A5,'Product Backlog'!$G$5:$G$29) -> 43 | E5: =IF(SUM($D$5:$D$8)=0,0,D5/SUM($D$5:$D$8)) -> 0.5443038
A6: Should | B6: Importante, mas o produto funciona sem | C6: =COUNTIF('Product Backlog'!$H$5:$H$29,A6) -> 10 | D6: =SUMIF('Product Backlog'!$H$5:$H$29,A6,'Product Backlog'!$G$5:$G$29) -> 29 | E6: =IF(SUM($D$5:$D$8)=0,0,D6/SUM($D$5:$D$8)) -> 0.36708861
A7: Could | B7: Desejável se houver folga | C7: =COUNTIF('Product Backlog'!$H$5:$H$29,A7) -> 3 | D7: =SUMIF('Product Backlog'!$H$5:$H$29,A7,'Product Backlog'!$G$5:$G$29) -> 7 | E7: =IF(SUM($D$5:$D$8)=0,0,D7/SUM($D$5:$D$8)) -> 0.088607595
A8: Won't | B8: Fora desta release | C8: =COUNTIF('Product Backlog'!$H$5:$H$29,A8) -> 0 | D8: =SUMIF('Product Backlog'!$H$5:$H$29,A8,'Product Backlog'!$G$5:$G$29) -> 0 | E8: =IF(SUM($D$5:$D$8)=0,0,D8/SUM($D$5:$D$8)) -> 0
A9: Total | C9: =SUM(C5:C8) -> 25 | D9: =SUM(D5:D8) -> 79
A11: Nota (27/10): Won't fica a 0 porque as stories das opcionais (90 SP) saíram para a folha «Arquivo (opcionais)».

Sheet Arquivo (opcionais)
A1: Arquivo — stories das opcionais (fora do produto)
A2: Até 23/10/2026 o OptaBem era também um recomendador de UCs opcionais. A 27/10, com autorização do docente, estas stories saíram do Product Backlog. Porquê: (1) o OptaBem serve quem ainda está a escolher curso, e essa pessoa não tem opcionais para escolher; (2) no ensino superior português as opcionais pesam pouco no percurso, e a decisão com consequências é a candidatura (épico E4); (3) recomendar opcionais exige avaliações de muitos alunos do mesmo curso, que um protótipo da equipa nunca teria (RN04 e RN05 deixariam quase tudo vazio); (4) não cabiam na velocidade real (10 SP por sprint). Ficam aqui para a rastreabilidade; os IDs não são reutilizados.
A4: ID | B4: Épico antigo | C4: Título | D4: User story | E4: Critérios de aceitação | F4: SP | G4: ID anterior | H4: Porque fica fora
A5: US06 | B5: E3 | C5: Registar percurso | D5: Como aluno, quero indicar as UCs do meu curso que já concluí e em que ano letivo, para que o sistema conheça o meu percurso. | E5: • O administrador importa as UCs de cada curso por CSV (código, nome, ano, semestre, ECTS, tipo, descrição). • O aluno seleciona UCs do catálogo do seu curso. • Não permite duplicados no mesmo ano letivo. • O aluno pode remover um registo. | F5: 5 | G5: US05 | H5: Pressupõe um aluno já inscrito num curso; o público do OptaBem ainda está a escolher curso.
A6: US07 | B6: E3 | C6: Avaliar opcional concluída | D6: Como aluno, quero avaliar uma opcional que fiz em interesse, carga e dificuldade (1–5), para ajudar colegas que vão escolher a seguir. | E6: • Só aparecem cursos ou UCs do meu percurso (RN01). • Os três campos são obrigatórios. • Posso editar ou apagar a avaliação. • Só é possível avaliar dentro de um período aberto (até à US16, o período está sempre aberto). • As avaliações ficam ligadas a um pseudo_id desde o início, e não ao email (ponto 2 dos requisitos); as regras de visualização e exportação ficam na US09. | F6: 5 | G6: US06 | H6: Base das recomendações colaborativas; sem alunos reais do mesmo curso não há dados.
A7: US09 | B7: E4 | C7: Avaliações pseudonimizadas | D7: Como aluno, quero que as minhas avaliações não fiquem associadas à minha identidade em nenhum ecrã, para poder avaliar com honestidade. | E7: • Avaliações ligadas ao pseudo_id e não ao email. • Nenhuma página ou exportação de administrador mostra avaliações por aluno. • Regra RN04 aplicada em todos os agregados. • Teste automático que verifica RN04. | F7: 5 | G7: US09 | H7: Só faz sentido se houver avaliações de UCs (US07).
A8: US11 | B8: E5 | C8: Recomendações de popularidade | D8: Como aluno com poucas avaliações, quero ver as opcionais mais bem avaliadas pelos colegas, para ter sugestões mesmo sem historial. | E8: • Aparece quando o aluno não cumpre RN05. • A interface indica que são "populares" e não personalizadas. • Nunca inclui UCs que o aluno já concluiu (RN03). • Implementada como estratégia intercambiável (padrão Strategy, docs/geral/03). | F8: 3 | G8: US11 | H8: Precisa de avaliações. O equivalente para cursos é a conversa com o assistente (US29 e US30).
A9: US08 | B9: E3 | C9: Avaliação rápida de obrigatórias | D9: Como aluno, quero avaliar rapidamente o interesse das obrigatórias que fiz numa só página, para que o sistema me conheça mesmo antes de eu ter feito opcionais. | E9: • Vista em grelha com todas as obrigatórias do percurso. • Gravação de todas de uma vez. • Avaliar 10 UCs demora menos de 2 minutos. | F9: 3 | G9: US07 | H9: Só servia para alimentar o motor de recomendação de opcionais.
A10: US10 | B10: E9 | C10: Dataset sintético | D10: Como equipa de desenvolvimento, queremos gerar um dataset sintético com perfis de aluno genéricos, para testar o motor antes de haver dados reais. | E10: • Parâmetros configuráveis (nº alunos, nº UCs, % de esparsidade, perfis). • O motor recomenda UCs do perfil "plantado" na maioria dos casos. | F10: 5 | G10: US20 | H10: Servia para testar o motor de recomendação de opcionais.
A11: US12 | B11: E5 | C11: Recomendações user-based | D11: Como aluno, quero receber uma lista das opcionais recomendadas com base em alunos com gostos parecidos com os meus, para escolher com mais confiança. | E11: • Top-5 por omissão, com nota prevista. • Similaridade calculada só sobre UCs comuns • Testes unitários com uma matriz pequena de resultado conhecido. • Tempo de resposta < 2 s (RNF03). | F11: 8 | G11: US12 | H11: Precisa de muitos alunos com avaliações em comum (RN05); inviável numa demonstração.
A12: US13 | B12: E7 | C12: Excluir UCs inválidas | D12: Como aluno, quero que não me sejam recomendadas UCs que já fiz ou que não são do meu curso/ano, para que a lista seja útil. | E12: • Aplica RN03 e as restrições de curso/ano. • Teste automático cobre os três casos. | F12: 2 | G12: US15 | H12: Regra do motor de opcionais.
A13: US14 | B13: E8 | C13: Explicação da recomendação | D13: Como aluno, quero perceber porque me foi recomendada cada opcional, para confiar (ou não) na sugestão. | E13: • Cada item mostra o nº de colegas semelhantes e a média de interesse deles. • Mostra carga e dificuldade médias (se RN04 o permitir). • A explicação não revela identidades. | F13: 5 | G13: US13 | H13: A explicação das sugestões de curso já existe (US30).
A14: US15 | B14: E9 | C14: Avaliação offline do motor | D14: Como equipa de desenvolvimento, queremos medir a qualidade das recomendações escondendo avaliações reais, para demonstrar que o motor é melhor do que o baseline. | E14: • Divisão treino/teste reprodutível. • RMSE, MAE, Precision@5 e cobertura calculados. • Resultados guardados e comparáveis entre estratégias. | F14: 5 | G14: US21 | H14: Mede um motor de recomendação que não existe.
A15: US16 | B15: E10 | C15: Períodos de avaliação | D15: Como administrador, quero abrir e fechar o período de avaliações de cada semestre, para que as avaliações sejam feitas depois de as UCs terminarem. | E15: • Definição de datas de abertura e fecho por semestre. • Fora do período, o formulário de avaliação fica bloqueado com mensagem explicativa. | F15: 3 | G15: US24 | H15: Depende das avaliações de UCs.
A16: US18 | B16: E3 | C16: Comentário livre | D16: Como aluno, quero deixar um comentário opcional numa avaliação, para partilhar informação que os números não mostram. | E16: • Máximo de 500 caracteres. • O comentário aparece sem autor. • Só é visível quando a UC tem ≥ 5 avaliações. • Aviso para não incluir nomes de pessoas. | F16: 3 | G16: US08 | H16: Depende das avaliações de UCs.
... A26: US28 | B26: E10 | C26: Lembretes de avaliação | D26: Como aluno, quero receber um lembrete no fim do semestre para avaliar as UCs que fiz, para não me esquecer de contribuir. | E26: • Email enviado na abertura do período de avaliação. • O aluno pode desativar lembretes. | F26: 3 | G26: US28 | H26: Depende dos períodos de avaliação e não tinha requisito associado.
A27: US32 | B27: E11 | C27: Assistente LLM que conversa com o utilizador | D27: Como pessoa indecisa, quero conversar com um assistente que me faça perguntas e me ajude a perceber que cursos e opcionais fazem sentido para mim, para decidir com mais confiança. | E27: • Fundida na US29 a 14/10/2026 (decisão do PO na issue #15): a conversa com o assistente passa a ser a própria orientação. A sugestão de cursos é a US30. | G27: nova | H27: Fundida na US29 a 14/10 (issue #15): a conversa com o assistente passou a ser a própria orientação.
E28: Total de story points arquivados | F28: =SUM(F5:F27) -> 90
